<?xml version="1.0" encoding="UTF-8"?>
<project-private xmlns="http://www.netbeans.org/ns/project-private/1">
    <editor-bookmarks xmlns="http://www.netbeans.org/ns/editor-bookmarks/2" lastBookmarkId="0"/>
    <open-files xmlns="http://www.netbeans.org/ns/projectui-open-files/2">
        <group>
            <file>jar:file:/C:/Users/nancy/Downloads/Rohan/jar%20files/commons-io-2.11.0.jar!/META-INF/maven/commons-io/commons-io/pom.xml</file>
            <file>file:/C:/Users/nancy/Downloads/Rohan/trial/trial/src/java/Supplier.java</file>
            <file>jar:file:/C:/Users/nancy/Downloads/Rohan/jar%20files/commons-io-2.11.0.jar!/META-INF/maven/commons-io/commons-io/pom.properties</file>
            <file>file:/C:/Users/nancy/Downloads/Rohan/trial/trial/src/java/Customer.java</file>
            <file>file:/C:/Users/nancy/Downloads/Rohan/trial/trial/nbproject/build-impl.xml</file>
        </group>
    </open-files>
</project-private>
